X,Y,ROAD,ROAD_NAME,COMMON_USAGE_NAME,SLK,CWY,TRUE_DIST,NETWORK_TYPE,RA_NO,RA_NAME,LG_NO,LG_NAME,XSP,DATE_APPROVED,DATE_INSTALLED,ASSET_NO,PANEL_COUNT,PANEL_01_DESIGN,PANEL_01_DESIGN_MEANING,PANEL_02_DESIGN,PANEL_02_DESIGN_MEANING,PANEL_03_DESIGN,PANEL_03_DESIGN_MEANING,PANEL_04_DESIGN,PANEL_04_DESIGN_MEANING,LATITUDE,LONGITUDE,REGULATORY_SIGN_TYPE,ROUTE_NE_ID,OBJECTID,PANEL_01_COMMENT,PANEL_02_COMMENT,PANEL_03_COMMENT,PANEL_04_COMMENT,GlobalID
115.058714,-30.292141,5040241,Coalseam Dr,Coalseam Dr,0.01,Single,0.01,Local Road,8,Wheatbelt,504,Dandaragan,Median,,,,1,R2-3B(L),KEEP LEFT (600 X 800),,,,,,,-30.292141,115.058714,Other,208987,22195730,,,,,{E63D92B2-355E-43D7-85A3-C491F73E628C}
116.014,-30.667,M002,Bindoon Moora,Bindoon Moora Rd,83.3,Single,83.27,State Road,8,Wheatbelt,510,Moora,Right,,,,4,W7-2A,(NUMBER)...TRACKS (600 X 275),R6-24B,RAILWAY CROSSING (POSITION) (1800 X 238 - EACH CROSSARM),R1-1B,STOP (750 X 750),G9-48B,LOOK FOR TRAINS (750X750),-30.667,116.014,Other,247575,22195731,2,,,,{6A8D1E1A-ECFD-4CE1-93BE-7C5219BEA958}
116.014,-30.667,M002,Bindoon Moora,Bindoon Moora Rd,83.3,Single,83.27,State Road,8,Wheatbelt,510,Moora,Right,,,,4,W7-2A,(NUMBER)...TRACKS (600 X 275),R6-24B,RAILWAY CROSSING (POSITION) (1800 X 238 - EACH CROSSARM),R1-1B,STOP (750 X 750),G9-48B,LOOK FOR TRAINS (750X750),-30.667,116.014,Other,247575,22195732,2,,,,{A65A9065-11AE-4A30-93D6-ADC59324E10E}
116.002761,-30.633693,5100097,Beasley St,Beasley St,0.151,Single,0.151,Local Road,8,Wheatbelt,510,Moora,Verge,,,,2,MR-RS-14B,SCHOOL ZONE - CARNARVON (600 X 1315),MR-RS-13,CATEGORY 2 - END OF SCHOOL ZONE (600 X 400),,,,,-30.633693,116.002761,Other,203225,22195733,,,,,{D75F240C-8D7A-4C5C-AC04-CAA291A6EEEB}
116.002746,-30.633616,5100097,Beasley St,Beasley St,0.151,Single,0.151,Local Road,8,Wheatbelt,510,Moora,Verge,,,,2,MR-RS-14B,SCHOOL ZONE - CARNARVON (600 X 1315),MR-RS-13,CATEGORY 2 - END OF SCHOOL ZONE (600 X 400),,,,,-30.633616,116.002746,Other,203225,22195734,,,,,{7173C77D-7AA0-4214-B98C-21A2AC591BA8}
116.004262,-30.633458,5100097,Beasley St,Beasley St,0.019,Single,0.019,Local Road,8,Wheatbelt,510,Moora,Verge,,,,2,MR-RS-14B,SCHOOL ZONE - CARNARVON (600 X 1315),MR-RS-13,CATEGORY 2 - END OF SCHOOL ZONE (600 X 400),,,,,-30.633458,116.004262,Other,203225,22195735,,,,,{9B632BF2-33CB-4C19-B9AF-63D522D34686}
116.004462,-30.633553,M028,Midlands,Roberts Rd,23.06,Single,22.97,State Road,8,Wheatbelt,510,Moora,Left,,,,4,R4-8B,SCHOOL ZONE (600 X 400),R4-1B,SPEED RESTRICTION (600 X 800),R9-1-2B,TIME OF OPERATION MODULE TWO PERIODS (600 X 600),R4-8B,SCHOOL ZONE (600 X 400),-30.633553,116.004462,Other,247785,22195736,Panel No 1,Panel No 2,Panel No 3,Panel No 4,{55CB4CD0-4E5B-41DC-890A-085596FCBAB7}
116.004536,-30.633549,M028,Midlands,Roberts Rd,23.06,Single,22.97,State Road,8,Wheatbelt,510,Moora,Right,,,,4,R4-8B,SCHOOL ZONE (600 X 400),R4-8B,SCHOOL ZONE (600 X 400),R4-1B,SPEED RESTRICTION (600 X 800),R9-1-2B,TIME OF OPERATION MODULE TWO PERIODS (600 X 600),-30.633549,116.004536,Other,247785,22195737,Panel No 1,Panel No 2,Panel No 3,Panel No 4,{05A9EFD4-D2F0-48FA-9DEB-A4350FAA8C5E}
116.004055,-30.631596,M028,Midlands,Roberts Rd,23.28,Single,23.19,State Road,8,Wheatbelt,510,Moora,Left,,,,4,R4-8B,SCHOOL ZONE (600 X 400),R4-8B,SCHOOL ZONE (600 X 400),R4-1B,SPEED RESTRICTION (600 X 800),R9-2B,BUSES EXCEPTED (600 X 400),-30.631596,116.004055,Other,247785,22195738,Panel No 1,Panel No 2,Panel No 3,Panel No 4,{3DAFB149-748F-41F4-B8C8-6A228ADB623F}
115.012898,-29.354472,H004,Brand Hwy,Brand Hwy,286.58,Single,284.62,State Road,14,Mid West-Gascoyne,508,Irwin,Left,,,,2,R6-29C,KEEP LEFT UNLESS OVERTAKING (2400 X 1200),R9-7-1C,NEXT...KM (1200 X 240),,,,,-29.354472,115.012898,Other,247578,22195739,,1.4KM,,,{E4463492-CF75-4526-A597-7D835580F0E0}
114.930941,-29.251303,5080041,Hunt - Waldeck St,Hunt - Waldeck St,0.584,Single,0.584,Local Road,14,Mid West-Gascoyne,508,Irwin,Median,,,,1,R2-3A(L),KEEP LEFT (450 X 600),,,,,,,-29.251303,114.930941,Other,220871,22195740,,,,,{65568FFD-930F-4E2C-91EE-E17813AA016B}
114.931143,-29.251477,5080076,Moreton Tce,Moreton Tce,0.651,Single,0.651,Local Road,14,Mid West-Gascoyne,508,Irwin,Median,,,,1,R2-3A(L),KEEP LEFT (450 X 600),,,,,,,-29.251477,114.931143,Other,229477,22195741,,,,,{EFF3DC31-97C5-4306-B77B-5EAFA60139E4}
114.935075,-29.251457,5080002,Point Leander Dr,Point Leander Dr,0.025,Single,0.025,Local Road,14,Mid West-Gascoyne,508,Irwin,Median,,,,1,R2-3A(L),KEEP LEFT (450 X 600),,,,,,,-29.251457,114.935075,Other,234139,22195742,,,,,{DA9DED55-040C-460B-9C17-50971A517FCD}
115.886909,-31.361739,5070214,Honeycomb Rd,Honeycomb Rd,2.094,Single,2.094,Local Road,8,Wheatbelt,507,Gingin,Median,,,,1,R2-3A(L),KEEP LEFT (450 X 600),,,,,,,-31.361739,115.886909,Other,220361,22195743,,,,,{C40153F3-4F4F-4D64-875A-34CD0B87E94B}
115.89841,-31.36107,5070214,Honeycomb Rd,Honeycomb Rd,1.008,Single,1.008,Local Road,8,Wheatbelt,507,Gingin,Verge,,,,1,R2-3B(L),KEEP LEFT (600 X 800),,,,,,,-31.36107,115.89841,Other,220361,22195744,,,,,{6FD05077-D473-46D5-8025-7B261878DD2C}
115.904437,-31.34747,5070069,Brockman St,Brockman St,0.011,Single,0.011,Local Road,8,Wheatbelt,507,Gingin,Median,,,,1,R2-3A(L),KEEP LEFT (450 X 600),,,,,,,-31.34747,115.904437,Other,205552,22195745,,,,,{557AC1A1-83FE-4B22-B981-9FC7CA4E769A}
115.904664,-31.347242,5070069,Brockman St,Brockman St,0.045,Single,0.045,Local Road,8,Wheatbelt,507,Gingin,Median,,,,1,R2-3A(L),KEEP LEFT (450 X 600),,,,,,,-31.347242,115.904664,Other,205552,22195746,,,,,{1C01D452-AA75-449C-B4A9-6EF9DF6ECC5D}
121.651342,-33.001363,6040545,Osborne Rd,Osborne Rd,0.14,Single,0.14,Local Road,5,Goldfields - Esperance,604,Esperance,Verge,,,0,2,R6-25B,RAILWAY CROSSING (POSITION) (WITH TARGET BOARD) (1200 X 800),R6-9,STOP ON RED SIGNAL (450 X 600),,,,,-33.001363,121.651342,Other,232191,22195747,,,,,{7CB1257D-4A38-4F87-AAAF-9B228A23C389}
121.694426,-33.105791,6040079,Guests Rd,Guests Rd,0.05,Single,0.05,Local Road,5,Goldfields - Esperance,604,Esperance,Verge,,,0,2,R6-24A,RAILWAY CROSSING (POSITION) (1350 X 178 - EACH CROSSARM),R1-1B,STOP (750 X 750),,,,,-33.105791,121.694426,Other,218086,22195748,,,,,{F215C0CF-11C6-4189-ADB4-B0F20F34DE51}
121.69459,-33.105801,6040079,Guests Rd,Guests Rd,0.06,Single,0.06,Local Road,5,Goldfields - Esperance,604,Esperance,Verge,,,0,2,R6-24A,RAILWAY CROSSING (POSITION) (1350 X 178 - EACH CROSSARM),R1-1B,STOP (750 X 750),,,,,-33.105801,121.69459,Other,218086,22195749,,,,,{EDC0F83C-D421-4887-B1D6-6BAA17A73602}
121.683619,-33.075319,6040555,Circle Valley Rd,Circle Valley Rd,0.03,Single,0.03,Local Road,5,Goldfields - Esperance,604,Esperance,Verge,,,0,2,R6-24A,RAILWAY CROSSING (POSITION) (1350 X 178 - EACH CROSSARM),R1-1B,STOP (750 X 750),,,,,-33.075319,121.683619,Other,208535,22195750,,,,,{A59E675B-197B-4FE5-897C-D32CD5D3C032}
121.680455,-33.066177,6040553,Starcevich Rd,Starcevich Rd,0.03,Single,0.03,Local Road,5,Goldfields - Esperance,604,Esperance,Verge,,,0,2,R6-24A,RAILWAY CROSSING (POSITION) (1350 X 178 - EACH CROSSARM),R1-1B,STOP (750 X 750),,,,,-33.066177,121.680455,Other,240200,22195751,,,,,{6F2800C3-1E3C-4051-AF67-76C633327BBD}
121.680622,-33.066155,6040553,Starcevich Rd,Starcevich Rd,0.05,Single,0.05,Local Road,5,Goldfields - Esperance,604,Esperance,Verge,,,0,2,R6-24A,RAILWAY CROSSING (POSITION) (1350 X 178 - EACH CROSSARM),R1-1B,STOP (750 X 750),,,,,-33.066155,121.680622,Other,240200,22195752,,,,,{83BC80EC-A410-4064-8ECF-14DDCEE37429}
121.77677,-32.18099,H010,Coolgardie Esperance Hwy,Coolgardie Esperance Hwy,163.78,Single,163.89,State Road,5,Goldfields - Esperance,603,Dundas,Left,,,,1,R2-6B(L),NO LEFT TURN (600 X 600),,,,,,,-32.18099,121.77677,Other,247618,22195753,NO LEFT TURN SYMBOL,,,,{3D2511C8-9365-49E5-9857-6BBCAC71BFFD}
121.77696,-32.18146,H010,Coolgardie Esperance Hwy,Coolgardie Esperance Hwy,163.89,Single,164,State Road,5,Goldfields - Esperance,603,Dundas,Left,,,,1,R2-4B,NO ENTRY (600 X 600),,,,,,,-32.18146,121.77696,Other,247618,22195754,NO ENTRY,,,,{7CA894F4-7045-4484-8140-77092F38B3CA}
121.77709,-32.18173,H010,Coolgardie Esperance Hwy,Coolgardie Esperance Hwy,163.86,Single,163.97,State Road,5,Goldfields - Esperance,603,Dundas,Left,,,,1,R2-4B,NO ENTRY (600 X 600),,,,,,,-32.18173,121.77709,Other,247618,22195755,NO ENTRY,,,,{6D6319C0-50D9-4487-A5EE-33CC9E261294}
121.77715,-32.18187,H010,Coolgardie Esperance Hwy,Coolgardie Esperance Hwy,163.88,Single,163.99,State Road,5,Goldfields - Esperance,603,Dundas,Right,,,,1,R2-6B(R),NO RIGHT TURN (600 X 600),,,,,,,-32.18187,121.77715,Other,247618,22195756,NO RIGHT TURN SYMBOL,,,,{2B8C8056-21A5-4777-9E5F-966645D25555}
121.158963,-30.841626,6020002,Coolgardie North Rd,Coolgardie North Rd,13.25,Single,13.25,Local Road,5,Goldfields - Esperance,602,Coolgardie,Verge,,,0,2,R6-24A,RAILWAY CROSSING (POSITION) (1350 X 178 - EACH CROSSARM),R6-9,STOP ON RED SIGNAL (450 X 600),,,,,-30.841626,121.158963,Other,209639,22195757,,,,,{0A398D44-C955-4A22-BD8B-5E52EE824585}
121.158949,-30.841507,6020002,Coolgardie North Rd,Coolgardie North Rd,13.26,Single,13.26,Local Road,5,Goldfields - Esperance,602,Coolgardie,Verge,,,0,2,R6-24A,RAILWAY CROSSING (POSITION) (1350 X 178 - EACH CROSSARM),R6-9,STOP ON RED SIGNAL (450 X 600),,,,,-30.841507,121.158949,Other,209639,22195758,,,,,{64095E80-67C4-4C0D-BBDF-42CADBA25D7A}
121.161892,-30.953459,6020024,Sylvester St,Sylvester St,1,Single,1,Local Road,5,Goldfields - Esperance,602,Coolgardie,Verge,,,0,2,MR-RS-15B,ENHANCED SCHOOL ZONE SIGN (ALL REGIONS EXCEPT NORTHERN REGIONS) (600 X 1500),R4-9B,END SCHOOL ZONE (600 X 600),,,,,-30.953459,121.161892,Other,241227,22195759,,,,,{1AF05BBA-8AC9-4AB5-A598-560C944267C7}
116.084443,-30.150416,5190165,Wubin - Gunyidi Rd,Wubin - Gunyidi Rd,29.72,Single,29.72,Local Road,14,Mid West-Gascoyne,519,Coorow,Verge,,2020/11/03 16:00:00+00,,3,R6-24A,RAILWAY CROSSING (POSITION) (1350 X 178 - EACH CROSSARM),R1-1B,STOP (750 X 750),G9-48B,LOOK FOR TRAINS (750X750),,,-30.150416,116.084443,Other,246975,22195760,,,,,{D2DAACD6-CD5D-4716-AE71-3F5F26DF4143}
115.341009,-30.103118,H004,Brand Hwy,Brand Hwy,190.24,Single,187.53,State Road,14,Mid West-Gascoyne,519,Coorow,Right,,,,2,G9-39,KEEP LEFT UNLESS OVERTAKING (2400 X 1300),R9-7-1C,NEXT...KM (1200 X 240),,,,,-30.103118,115.341009,Other,247578,22195761,Panel No 1,NEXT 1.2 KM,,,{1634383C-DCA9-4513-8EA4-180FC6BC62DE}
115.36368,-30.138492,H004,Brand Hwy,Brand Hwy,185.69,Single,182.98,State Road,14,Mid West-Gascoyne,519,Coorow,Left,,,,2,R6-29C,KEEP LEFT UNLESS OVERTAKING (2400 X 1200),R9-7-1C,NEXT...KM (1200 X 240),,,,,-30.138492,115.36368,Other,247578,22195762,PANEL NO 1,NEXT 1.7 KM,,,{1E2F52A7-2DA1-486C-9B9E-299481A82508}
114.970749,-30.068106,5190099,McGilp St,McGilp St,0.519,Single,0.519,Local Road,14,Mid West-Gascoyne,519,Coorow,Median,,,,1,R2-3A(L),KEEP LEFT (450 X 600),,,,,,,-30.068106,114.970749,Other,227727,22195763,,,,,{725737E2-CDCB-4404-A53B-26409B7FEF7E}
114.970746,-30.067999,5190099,McGilp St,McGilp St,0.531,Single,0.531,Local Road,14,Mid West-Gascoyne,519,Coorow,Median,,,,1,R2-3A(L),KEEP LEFT (450 X 600),,,,,,,-30.067999,114.970746,Other,227727,22195764,,,,,{BEF3CCA7-5F40-469C-A6E2-4B865E645330}
116.76561,-30.594907,M032,Northam Pithara,Northam Pithara Rd,129.21,Single,128.88,State Road,8,Wheatbelt,518,Wongan - Ballidu,Right,,,,2,MR-RS-21C,END SPEED LIMIT (900 X 1200),R4-1C,SPEED RESTRICTION (900 X 1200),,,,,-30.594907,116.76561,Other,247805,22195765,END 80,80,,,{8413234F-74A1-43BA-AD2F-0844160D2E26}
114.140575,-27.770162,5130168,Stiles Rd,Stiles Rd,0.233,Single,0.233,Local Road,14,Mid West-Gascoyne,513,Northampton,Median,,,,1,R2-3A(L),KEEP LEFT (450 X 600),,,,,,,-27.770162,114.140575,Other,240435,22195766,,,,,{C6FAEA21-9403-487D-815F-AE0D2C9AD0EA}
114.137987,-27.77018,5130168,Stiles Rd,Stiles Rd,0.011,Single,0.011,Local Road,14,Mid West-Gascoyne,513,Northampton,Median,,,,1,R2-3A(L),KEEP LEFT (450 X 600),,,,,,,-27.77018,114.137987,Other,240435,22195767,,,,,{B5D83507-FC50-414C-BD62-214AA9864BE9}
116.210466,-30.688499,H006,Great Northern Hwy,Great Northern Hwy,149.3,Single,145.21,State Road,8,Wheatbelt,510,Moora,Left,,2020/12/08 16:00:00+00,,2,R6-29C,KEEP LEFT UNLESS OVERTAKING (2400 X 1200),R9-7-1C,NEXT...KM (1200 X 240),,,,,-30.688499,116.210466,Other,247653,22195768,,2.2KM,,,{D40942A4-5BB3-4D69-8821-4D2A0B475CD4}
116.004152,-30.631552,M028,Midlands,Roberts Rd,23.28,Single,23.19,State Road,8,Wheatbelt,510,Moora,Right,,,,4,R4-8B,SCHOOL ZONE (600 X 400),R4-1B,SPEED RESTRICTION (600 X 800),R9-1-2B,TIME OF OPERATION MODULE TWO PERIODS (600 X 600),R4-8B,SCHOOL ZONE (600 X 400),-30.631552,116.004152,Other,247785,22195769,Panel No 1,Panel No 2,Panel No 3,Panel No 4,{9B2A967B-67AF-476F-8497-79F641FE7986}
115.569709,-29.316663,5090002,Yandanooka North East Rd,Yandanooka North East Rd,0.045,Single,0.045,Local Road,14,Mid West-Gascoyne,509,Mingenew,Verge,,,,3,R6-24A,RAILWAY CROSSING (POSITION) (1350 X 178 - EACH CROSSARM),R1-1B,STOP (750 X 750),G9-48B,LOOK FOR TRAINS (750X750),,,-29.316663,115.569709,Other,247138,22195770,,,,,{06BCEF97-5BC4-4BB9-B62B-DA6F0B1F3854}
115.569765,-29.316711,5090002,Yandanooka North East Rd,Yandanooka North East Rd,0.047,Single,0.047,Local Road,14,Mid West-Gascoyne,509,Mingenew,Verge,,,,3,R6-24A,RAILWAY CROSSING (POSITION) (1350 X 178 - EACH CROSSARM),R1-1B,STOP (750 X 750),G9-48B,LOOK FOR TRAINS (750X750),,,-29.316711,115.569765,Other,247138,22195771,,,,,{BFE43F89-D08C-43AD-B645-FA70EE72874D}
115.440828,-29.190327,5090044,William St,William St,0.017,Single,0.017,Local Road,14,Mid West-Gascoyne,509,Mingenew,Verge,,,,1,R2-3A(L),KEEP LEFT (450 X 600),,,,,,,-29.190327,115.440828,Other,246103,22195772,,,,,{2CB455E9-C7EB-4BA7-8905-60CF8E7D3F78}
115.441966,-29.194914,5090041,Victoria Rd,Victoria Rd,0.522,Single,0.522,Local Road,14,Mid West-Gascoyne,509,Mingenew,Verge,,,,2,MR-RS-7A,CATEGORY 2 - SCHOOL ZONE (600 X 1200),R4-9B,END SCHOOL ZONE (600 X 600),,,,,-29.194914,115.441966,Other,244015,22195773,,,,,{275BBD4A-2761-4CF2-A59A-78471500FE01}
115.442074,-29.194918,5090041,Victoria Rd,Victoria Rd,0.522,Single,0.522,Local Road,14,Mid West-Gascoyne,509,Mingenew,Verge,,,,2,MR-RS-7A,CATEGORY 2 - SCHOOL ZONE (600 X 1200),R4-9B,END SCHOOL ZONE (600 X 600),,,,,-29.194918,115.442074,Other,244015,22195774,,,,,{FD5D335D-7F73-4636-8EA8-C39BF138DD3E}
115.442023,-29.193499,5090041,Victoria Rd,Victoria Rd,0.366,Single,0.366,Local Road,14,Mid West-Gascoyne,509,Mingenew,Verge,,,,2,MR-RS-7A,CATEGORY 2 - SCHOOL ZONE (600 X 1200),R4-9B,END SCHOOL ZONE (600 X 600),,,,,-29.193499,115.442023,Other,244015,22195775,,,,,{E6349A1D-BD02-47A8-875A-55D2F8ED5A05}
115.442158,-29.193492,5090041,Victoria Rd,Victoria Rd,0.365,Single,0.365,Local Road,14,Mid West-Gascoyne,509,Mingenew,Verge,,,,2,MR-RS-7A,CATEGORY 2 - SCHOOL ZONE (600 X 1200),R4-9B,END SCHOOL ZONE (600 X 600),,,,,-29.193492,115.442158,Other,244015,22195776,,,,,{DD26504D-991E-4869-9BEB-A9ACC981B2A4}
115.442685,-29.194033,5090045,Phillip St,Phillip St,0.199,Single,0.199,Local Road,14,Mid West-Gascoyne,509,Mingenew,Verge,,,,2,MR-RS-7A,CATEGORY 2 - SCHOOL ZONE (600 X 1200),R4-9B,END SCHOOL ZONE (600 X 600),,,,,-29.194033,115.442685,Other,233622,22195777,,,,,{61E53845-03D4-4EB6-ACE2-CD6D7B0012CF}
115.442679,-29.193958,5090045,Phillip St,Phillip St,0.2,Single,0.2,Local Road,14,Mid West-Gascoyne,509,Mingenew,Verge,,,,2,MR-RS-7A,CATEGORY 2 - SCHOOL ZONE (600 X 1200),R4-9B,END SCHOOL ZONE (600 X 600),,,,,-29.193958,115.442679,Other,233622,22195778,,,,,{BA8B71CF-F590-4883-AB95-444F9688A2A5}
114.935268,-29.251248,5080076,Moreton Tce,Moreton Tce,0.272,Single,0.272,Local Road,14,Mid West-Gascoyne,508,Irwin,Median,,,,1,R2-3A(L),KEEP LEFT (450 X 600),,,,,,,-29.251248,114.935268,Other,229477,22195779,,,,,{98E14EBE-D72B-4F41-B794-5AACBA17E855}
114.936969,-29.251008,5080076,Moreton Tce,Moreton Tce,0.085,Single,0.085,Local Road,14,Mid West-Gascoyne,508,Irwin,Median,,,,1,R2-3A(L),KEEP LEFT (450 X 600),,,,,,,-29.251008,114.936969,Other,229477,22195780,,,,,{B4AAB325-DCD2-4C58-ACA1-738C5C30D3ED}
114.91941,-29.28139,5080040,White Tops Dr,White Tops Dr,0.18,Single,0.18,Local Road,14,Mid West-Gascoyne,508,Irwin,Verge,,,,1,MR-RS-6,CATEGORY 2 - LOCAL TRAFFIC AREA (600 X 1200),,,,,,,-29.28139,114.91941,Other,239629,22195781,,,,,{3B2C67EE-AF04-48EB-A0A7-361B949F1D29}
114.920297,-29.274764,5080002,Point Leander Dr,Point Leander Dr,3.15,Single,3.15,Local Road,14,Mid West-Gascoyne,508,Irwin,Median,,,,1,R2-3A(L),KEEP LEFT (450 X 600),,,,,,,-29.274764,114.920297,Other,234139,22195782,,,,,{CDC34C93-540C-4E8A-86A9-338FFB3DF539}
114.920505,-29.274615,5080002,Point Leander Dr,Point Leander Dr,3.125,Single,3.125,Local Road,14,Mid West-Gascoyne,508,Irwin,Median,,,,1,R2-3A(L),KEEP LEFT (450 X 600),,,,,,,-29.274615,114.920505,Other,234139,22195783,,,,,{40624424-CB14-4876-A01B-F43C80E6D46B}
114.920814,-29.274395,5080002,Point Leander Dr,Point Leander Dr,3.089,Single,3.089,Local Road,14,Mid West-Gascoyne,508,Irwin,Median,,,,1,R2-3A(L),KEEP LEFT (450 X 600),,,,,,,-29.274395,114.920814,Other,234139,22195784,,,,,{77BB45D0-D75B-48EC-929A-7CF63B729903}
114.921047,-29.274185,5080002,Point Leander Dr,Point Leander Dr,3.058,Single,3.058,Local Road,14,Mid West-Gascoyne,508,Irwin,Median,,,,1,R2-3A(L),KEEP LEFT (450 X 600),,,,,,,-29.274185,114.921047,Other,234139,22195785,,,,,{03074788-7265-4EF7-BC6D-E8E58F968219}
114.922313,-29.274801,5080036,Carnarvon St,Carnarvon St,0.011,Single,0.011,Local Road,14,Mid West-Gascoyne,508,Irwin,Median,,,,2,R2-3A(L),KEEP LEFT (450 X 600),R2-3A(L),KEEP LEFT (450 X 600),,,,,-29.274801,114.922313,Other,207289,22195786,,,,,{AA443E8D-AB21-470E-AF76-767600A0EFDD}
114.922236,-29.274447,5080038,William St,William St,0.112,Single,0.112,Local Road,14,Mid West-Gascoyne,508,Irwin,Median,,,,1,R2-3A(L),KEEP LEFT (450 X 600),,,,,,,-29.274447,114.922236,Other,246104,22195787,,,,,{765CBDE4-A39F-4921-B250-8E2DAE184033}
114.92242,-29.274523,5080037,Hampton St,Hampton St,0.314,Single,0.314,Local Road,14,Mid West-Gascoyne,508,Irwin,Median,,,,1,R2-3A(L),KEEP LEFT (450 X 600),,,,,,,-29.274523,114.92242,Other,218606,22195788,,,,,{43401FE6-4377-4290-8341-EABAD26AF799}
114.92244,-29.274293,5080037,Hampton St,Hampton St,0.285,Single,0.285,Local Road,14,Mid West-Gascoyne,508,Irwin,Median,,,,1,R2-3A(L),KEEP LEFT (450 X 600),,,,,,,-29.274293,114.92244,Other,218606,22195789,,,,,{34B0A20E-9D78-47D9-9533-077C47399209}
114.922547,-29.274382,5080038,William St,William St,0.144,Single,0.144,Local Road,14,Mid West-Gascoyne,508,Irwin,Median,,,,1,R2-3A(L),KEEP LEFT (450 X 600),,,,,,,-29.274382,114.922547,Other,246104,22195790,,,,,{9522354C-304B-4051-B17F-0E78EDB34DFF}
114.921999,-29.271946,5080002,Point Leander Dr,Point Leander Dr,2.797,Single,2.797,Local Road,14,Mid West-Gascoyne,508,Irwin,Median,,,,1,R2-3A(L),KEEP LEFT (450 X 600),,,,,,,-29.271946,114.921999,Other,234139,22195791,,,,,{7ABD8FC8-BADE-4DF7-85E8-444B7B2E3DFB}
114.922528,-29.271803,5080002,Point Leander Dr,Point Leander Dr,2.727,Single,2.727,Local Road,14,Mid West-Gascoyne,508,Irwin,Median,,,,1,R2-3A(L),KEEP LEFT (450 X 600),,,,,,,-29.271803,114.922528,Other,234139,22195792,,,,,{8727BB4D-9A54-41BE-AB77-C3DF23A3004C}
114.929222,-29.251375,5080101,Cave Wy,Cave Wy,0.014,Single,0.014,Local Road,14,Mid West-Gascoyne,508,Irwin,Median,,,,1,R2-3A(L),KEEP LEFT (450 X 600),,,,,,,-29.251375,114.929222,Other,207703,22195793,,,,,{34D943D4-832F-4FFB-B3AD-1258E2EE67A1}
114.928379,-29.251424,5080003,Church St,Church St,0.24,Single,0.24,Local Road,14,Mid West-Gascoyne,508,Irwin,Verge,,,,2,MR-RS-7A,CATEGORY 2 - SCHOOL ZONE (600 X 1200),R4-9B,END SCHOOL ZONE (600 X 600),,,,,-29.251424,114.928379,Other,208493,22195794,,,,,{4AD73161-8486-4694-9328-EAA4DF15E37B}
114.928382,-29.251518,5080003,Church St,Church St,0.24,Single,0.24,Local Road,14,Mid West-Gascoyne,508,Irwin,Verge,,,,2,MR-RS-7A,CATEGORY 2 - SCHOOL ZONE (600 X 1200),R4-9B,END SCHOOL ZONE (600 X 600),,,,,-29.251518,114.928382,Other,208493,22195795,,,,,{E2A595CE-9B44-4832-BD76-0E7ECFB6AB22}
114.930503,-29.251546,5080003,Church St,Church St,0.042,Single,0.042,Local Road,14,Mid West-Gascoyne,508,Irwin,Verge,,,,2,MR-RS-7A,CATEGORY 2 - SCHOOL ZONE (600 X 1200),R4-9B,END SCHOOL ZONE (600 X 600),,,,,-29.251546,114.930503,Other,208493,22195796,,,,,{B4F8EE30-834B-4CCF-A439-053CE5B4BE09}
114.932518,-29.26019,5080079,Francis Rd,Francis Rd,0.012,Single,0.012,Local Road,14,Mid West-Gascoyne,508,Irwin,Median,,,,1,R2-3A(L),KEEP LEFT (450 X 600),,,,,,,-29.26019,114.932518,Other,215695,22195797,,,,,{BD7F9312-F1CE-43F9-8CE5-07F38F2E3B70}
114.932558,-29.260253,5080079,Francis Rd,Francis Rd,0.018,Single,0.018,Local Road,14,Mid West-Gascoyne,508,Irwin,Median,,,,1,R2-3A(L),KEEP LEFT (450 X 600),,,,,,,-29.260253,114.932558,Other,215695,22195798,,,,,{F99600BF-3EB7-453A-A2A3-B3C365459064}
115.898109,-31.340495,5070069,Brockman St,Brockman St,1.305,Single,1.305,Local Road,8,Wheatbelt,507,Gingin,Median,,,,1,R2-3A(L),KEEP LEFT (450 X 600),,,,,,,-31.340495,115.898109,Other,205552,22195799,,,,,{FF01F6B7-411D-42D6-9136-E9662C30CECC}
115.84716,-31.260816,5070264,Boonanarring Rd,Boonanarring Rd,1.808,Single,1.808,Local Road,8,Wheatbelt,507,Gingin,Median,,2010/11/09 16:00:00+00,,1,R2-3A(L),KEEP LEFT (450 X 600),,,,,,,-31.260816,115.84716,Other,204685,22195800,MIW-9515,,,,{F0834B15-968B-439D-9712-29FFBB75EE11}
114.77316,-28.96604,5051045,Hamersley Rd,Hamersley Rd,0.04,Single,0.04,Local Road,14,Mid West-Gascoyne,505,Greater Geraldton (C),Median,,2014/09/23 16:00:00+00,,1,R2-3A(L),KEEP LEFT (450 X 600),,,,,,,-28.96604,114.77316,Other,79944229,22195801,,,,,{933E4E71-0812-4C62-94B9-E421AE30EABC}
121.678061,-33.050379,6040551,Eldred Rd,Eldred Rd,0.03,Single,0.03,Local Road,5,Goldfields - Esperance,604,Esperance,Verge,,,0,2,R6-24A,RAILWAY CROSSING (POSITION) (1350 X 178 - EACH CROSSARM),R1-1B,STOP (750 X 750),,,,,-33.050379,121.678061,Other,213566,22195802,,,,,{87467C23-93C6-41A2-9C6A-50C9917794F7}
121.67817,-33.050333,6040551,Eldred Rd,Eldred Rd,0.05,Single,0.05,Local Road,5,Goldfields - Esperance,604,Esperance,Verge,,,0,2,R6-24A,RAILWAY CROSSING (POSITION) (1350 X 178 - EACH CROSSARM),R1-1B,STOP (750 X 750),,,,,-33.050333,121.67817,Other,213566,22195803,,,,,{3C7F1351-522A-48EE-9636-12C2FBC6A1AF}
121.556193,-32.789638,6040526,Kumarl Rd,Kumarl Rd,0.05,Single,0.05,Local Road,5,Goldfields - Esperance,604,Esperance,Verge,,,0,2,R6-24A,RAILWAY CROSSING (POSITION) (1350 X 178 - EACH CROSSARM),R1-1B,STOP (750 X 750),,,,,-32.789638,121.556193,Other,223891,22195804,,,,,{7276305E-E13F-42E6-8F72-7F3E8211DD19}
121.556026,-32.789644,6040526,Kumarl Rd,Kumarl Rd,0.03,Single,0.03,Local Road,5,Goldfields - Esperance,604,Esperance,Verge,,,0,2,R6-24A,RAILWAY CROSSING (POSITION) (1350 X 178 - EACH CROSSARM),R1-1B,STOP (750 X 750),,,,,-32.789644,121.556026,Other,223891,22195805,,,,,{8356926E-F449-4366-8FDD-5209BABE1EB0}
121.566679,-32.8126,6040527,Quast Rd,Quast Rd,0.03,Single,0.03,Local Road,5,Goldfields - Esperance,604,Esperance,Verge,,,0,2,R6-24A,RAILWAY CROSSING (POSITION) (1350 X 178 - EACH CROSSARM),R1-1B,STOP (750 X 750),,,,,-32.8126,121.566679,Other,234864,22195806,,,,,{DAD0560E-3F25-4101-B4F9-AF117DB7BB87}
121.566816,-32.812617,6040527,Quast Rd,Quast Rd,0.05,Single,0.05,Local Road,5,Goldfields - Esperance,604,Esperance,Verge,,,0,2,R6-24A,RAILWAY CROSSING (POSITION) (1350 X 178 - EACH CROSSARM),R1-1B,STOP (750 X 750),,,,,-32.812617,121.566816,Other,234864,22195807,,,,,{24DC6CDC-9819-4952-9B40-14E2348597D7}
121.63876,-33.075351,6040555,Circle Valley Rd,Circle Valley Rd,0.05,Single,0.05,Local Road,5,Goldfields - Esperance,604,Esperance,Verge,,,0,2,R6-24A,RAILWAY CROSSING (POSITION) (1350 X 178 - EACH CROSSARM),R1-1B,STOP (750 X 750),,,,,-33.075351,121.63876,Other,208535,22195808,,,,,{9CA7E3D6-D2B0-45BE-A61D-487D17A44817}
121.663301,-31.20362,6020047,Larkin St,Larkin St,0.08,Single,0.08,Local Road,5,Goldfields - Esperance,602,Coolgardie,Verge,,,0,4,MR-RS-17,SUPPLEMENTARY PLATE TO ENHANCE SCHOOL ZONE SIGNS (600 X 440),MR-RS-23,VARIABLE SPEED LIMIT SIGN,MR-RS-11,SCHOOL ZONE TIMES (600 X 600),R4-9B,END SCHOOL ZONE (600 X 600),-31.20362,121.663301,Other,224504,22195809,,,,,{946B6F5F-B583-4D8F-94E1-45D213437628}
121.663301,-31.20362,6020047,Larkin St,Larkin St,0.08,Single,0.08,Local Road,5,Goldfields - Esperance,602,Coolgardie,Verge,,,0,4,MR-RS-17,SUPPLEMENTARY PLATE TO ENHANCE SCHOOL ZONE SIGNS (600 X 440),MR-RS-23,VARIABLE SPEED LIMIT SIGN,MR-RS-11,SCHOOL ZONE TIMES (600 X 600),R4-9B,END SCHOOL ZONE (600 X 600),-31.20362,121.663301,Other,224504,22195810,,,,,{F6F94EE0-B644-45A8-AE55-37008D2428C9}
121.665291,-31.205849,6020047,Larkin St,Larkin St,0.27,Single,0.27,Local Road,5,Goldfields - Esperance,602,Coolgardie,Verge,,,0,4,MR-RS-17,SUPPLEMENTARY PLATE TO ENHANCE SCHOOL ZONE SIGNS (600 X 440),MR-RS-23,VARIABLE SPEED LIMIT SIGN,MR-RS-11,SCHOOL ZONE TIMES (600 X 600),R4-9B,END SCHOOL ZONE (600 X 600),-31.205849,121.665291,Other,224504,22195811,,,,,{AA5AF8E2-AC78-4536-BC72-3A86C1D4302B}
121.665291,-31.205849,6020047,Larkin St,Larkin St,0.27,Single,0.27,Local Road,5,Goldfields - Esperance,602,Coolgardie,Verge,,,0,4,MR-RS-17,SUPPLEMENTARY PLATE TO ENHANCE SCHOOL ZONE SIGNS (600 X 440),MR-RS-23,VARIABLE SPEED LIMIT SIGN,MR-RS-11,SCHOOL ZONE TIMES (600 X 600),R4-9B,END SCHOOL ZONE (600 X 600),-31.205849,121.665291,Other,224504,22195812,,,,,{A9D508E4-C16A-49C1-AEDF-7105AC5CB22A}
121.665259,-31.203082,6020046,Basalt St,Basalt St,0.06,Single,0.06,Local Road,5,Goldfields - Esperance,602,Coolgardie,Verge,,,0,2,MR-RS-15B,ENHANCED SCHOOL ZONE SIGN (ALL REGIONS EXCEPT NORTHERN REGIONS) (600 X 1500),R4-9B,END SCHOOL ZONE (600 X 600),,,,,-31.203082,121.665259,Other,202919,22195813,,,,,{EC94E303-796F-49FC-8C61-6F2C3B2E8477}
121.665259,-31.203082,6020046,Basalt St,Basalt St,0.06,Single,0.06,Local Road,5,Goldfields - Esperance,602,Coolgardie,Verge,,,0,2,MR-RS-15B,ENHANCED SCHOOL ZONE SIGN (ALL REGIONS EXCEPT NORTHERN REGIONS) (600 X 1500),R4-9B,END SCHOOL ZONE (600 X 600),,,,,-31.203082,121.665259,Other,202919,22195814,,,,,{47FDA95C-1B48-4A4A-8FB3-0EAF49EF07EA}
121.666303,-31.205369,6020042,New Compton St,New Compton St,0.05,Single,0.05,Local Road,5,Goldfields - Esperance,602,Coolgardie,Verge,,,0,2,MR-RS-15B,ENHANCED SCHOOL ZONE SIGN (ALL REGIONS EXCEPT NORTHERN REGIONS) (600 X 1500),R4-9B,END SCHOOL ZONE (600 X 600),,,,,-31.205369,121.666303,Other,230688,22195815,,,,,{6CB4C765-8BE4-4311-943E-8A29193D0C44}
121.666303,-31.205369,6020042,New Compton St,New Compton St,0.05,Single,0.05,Local Road,5,Goldfields - Esperance,602,Coolgardie,Verge,,,0,2,MR-RS-15B,ENHANCED SCHOOL ZONE SIGN (ALL REGIONS EXCEPT NORTHERN REGIONS) (600 X 1500),R4-9B,END SCHOOL ZONE (600 X 600),,,,,-31.205369,121.666303,Other,230688,22195816,,,,,{3B301C74-C204-465B-B82D-7A4F18AA1143}
121.666625,-31.204921,6020059,New Clayton St,New Clayton St,0.17,Single,0.17,Local Road,5,Goldfields - Esperance,602,Coolgardie,Verge,,,0,2,MR-RS-15B,ENHANCED SCHOOL ZONE SIGN (ALL REGIONS EXCEPT NORTHERN REGIONS) (600 X 1500),R4-9B,END SCHOOL ZONE (600 X 600),,,,,-31.204921,121.666625,Other,230687,22195817,,,,,{B289014A-2195-449B-9E9D-0BC260CD5501}
121.666708,-31.204888,6020059,New Clayton St,New Clayton St,0.18,Single,0.18,Local Road,5,Goldfields - Esperance,602,Coolgardie,Verge,,,0,2,MR-RS-15B,ENHANCED SCHOOL ZONE SIGN (ALL REGIONS EXCEPT NORTHERN REGIONS) (600 X 1500),R4-9B,END SCHOOL ZONE (600 X 600),,,,,-31.204888,121.666708,Other,230687,22195818,,,,,{F6E9CD25-2EA5-4461-A9DF-4E9497494AB9}
121.666488,-31.203454,6020047,Larkin St,Larkin St,0.4,Single,0.4,Local Road,5,Goldfields - Esperance,602,Coolgardie,Verge,,,0,4,MR-RS-17,SUPPLEMENTARY PLATE TO ENHANCE SCHOOL ZONE SIGNS (600 X 440),MR-RS-23,VARIABLE SPEED LIMIT SIGN,MR-RS-11,SCHOOL ZONE TIMES (600 X 600),R4-9B,END SCHOOL ZONE (600 X 600),-31.203454,121.666488,Other,224504,22195819,,,,,{85B6DF41-77DF-4437-A2CC-260F7DFB566C}
121.666488,-31.203454,6020047,Larkin St,Larkin St,0.4,Single,0.4,Local Road,5,Goldfields - Esperance,602,Coolgardie,Verge,,,0,4,MR-RS-17,SUPPLEMENTARY PLATE TO ENHANCE SCHOOL ZONE SIGNS (600 X 440),MR-RS-23,VARIABLE SPEED LIMIT SIGN,MR-RS-11,SCHOOL ZONE TIMES (600 X 600),R4-9B,END SCHOOL ZONE (600 X 600),-31.203454,121.666488,Other,224504,22195820,,,,,{FE06B33C-1C44-499F-B0AC-1A2BE2E81707}
121.170501,-30.954206,6020035,Renou St,Renou St,0.15,Single,0.15,Local Road,5,Goldfields - Esperance,602,Coolgardie,Verge,,,,1,MR-RPK-5(L),30 MIN PARKING WITH TIMES (METER OPTIONAL) - LEFT (225 X 450),,,,,,,-30.954206,121.170501,Other,235800,22195821,,,,,{4D4A83A1-0FE6-4CE6-9EC4-12B79D7D9EF2}
121.175991,-30.954233,H010,Coolgardie Esperance Hwy,Coolgardie Esperance Hwy,0.01,Single,0.01,State Road,5,Goldfields - Esperance,602,Coolgardie,Median,,,,1,R2-3B(L),KEEP LEFT (600 X 800),,,,,,,-30.954233,121.175991,Other,247618,22195822,KEEP LEFT,,,,{C030D302-F416-44D9-8658-57508E94BF82}
121.176412,-30.955098,H010,Coolgardie Esperance Hwy,Coolgardie Esperance Hwy,0.05,Single,0.05,State Road,5,Goldfields - Esperance,602,Coolgardie,Median,,,,1,R2-3B(L),KEEP LEFT (600 X 800),,,,,,,-30.955098,121.176412,Other,247618,22195823,KEEP LEFT,,,,{CF2CC2D7-ED87-4917-AE6F-DA5BF5912AC0}
120.171558,-30.826957,6020012,Ryans Find Rd,Ryans Find Rd,49.24,Single,49.24,Local Road,5,Goldfields - Esperance,602,Coolgardie,Verge,,,0,2,R6-24A,RAILWAY CROSSING (POSITION) (1350 X 178 - EACH CROSSARM),R1-1B,STOP (750 X 750),,,,,-30.826957,120.171558,Other,237428,22195824,,,,,{BBA6A6F1-1B7B-4955-B45A-4F282E9C39B8}
120.171534,-30.826795,6020012,Ryans Find Rd,Ryans Find Rd,49.25,Single,49.25,Local Road,5,Goldfields - Esperance,602,Coolgardie,Verge,,,0,2,R6-24A,RAILWAY CROSSING (POSITION) (1350 X 178 - EACH CROSSARM),R1-1B,STOP (750 X 750),,,,,-30.826795,120.171534,Other,237428,22195825,,,,,{5ADC7799-41BC-45C5-A95E-79EA5F3CC999}
120.32319,-30.821934,602Z111,Mt Walton Access,Mt Walton Access,44.57,Single,44.57,Miscellaneous Road,5,Goldfields - Esperance,602,Coolgardie,Verge,,,0,2,R6-24A,RAILWAY CROSSING (POSITION) (1350 X 178 - EACH CROSSARM),R1-1B,STOP (750 X 750),,,,,-30.821934,120.32319,Other,548903808,22195826,,,,,{F64EEDEE-D117-4798-91AC-98F9622C7E76}
120.323185,-30.821815,602Z111,Mt Walton Access,Mt Walton Access,44.58,Single,44.58,Miscellaneous Road,5,Goldfields - Esperance,602,Coolgardie,Verge,,,0,2,R6-24A,RAILWAY CROSSING (POSITION) (1350 X 178 - EACH CROSSARM),R1-1B,STOP (750 X 750),,,,,-30.821815,120.323185,Other,548903808,22195827,,,,,{8EFDD2D9-A594-4183-9B4A-07867F297394}
121.101293,-30.860165,6020052,Jaurdi Hills Rd,Jaurdi Hills Rd,11.61,Single,11.61,Local Road,5,Goldfields - Esperance,602,Coolgardie,Verge,,,0,2,R6-24A,RAILWAY CROSSING (POSITION) (1350 X 178 - EACH CROSSARM),R1-1B,STOP (750 X 750),,,,,-30.860165,121.101293,Other,221781,22195828,,,,,{AA5F40F2-2361-4A68-A2C3-460353751B07}
121.101269,-30.860055,6020052,Jaurdi Hills Rd,Jaurdi Hills Rd,11.62,Single,11.62,Local Road,5,Goldfields - Esperance,602,Coolgardie,Verge,,,0,2,R6-24A,RAILWAY CROSSING (POSITION) (1350 X 178 - EACH CROSSARM),R1-1B,STOP (750 X 750),,,,,-30.860055,121.101269,Other,221781,22195829,,,,,{92758EEC-E0AB-49D6-8C6F-7DFBBA34CF24}
116.466523,-29.821438,,,,,,,,14,Mid West-Gascoyne,514,Perenjori,Verge,,,,3,R6-24A,RAILWAY CROSSING (POSITION) (1350 X 178 - EACH CROSSARM),R1-1B,STOP (750 X 750),G9-48B,LOOK FOR TRAINS (750X750),,,-29.821438,116.466523,Other,,22195830,,,,,{54F4DAB0-E8C2-4CF3-9C0C-2FE3690AC425}
116.466627,-29.8215,,,,,,,,14,Mid West-Gascoyne,514,Perenjori,Verge,,,,3,R6-24A,RAILWAY CROSSING (POSITION) (1350 X 178 - EACH CROSSARM),R1-1B,STOP (750 X 750),G9-48B,LOOK FOR TRAINS (750X750),,,-29.8215,116.466627,Other,,22195831,,,,,{F12031B3-1190-47E2-BEB9-A5F15D6D6B76}
116.501317,-29.879528,5140061,Maya East Rd,Maya East Rd,0,Single,0,Local Road,14,Mid West-Gascoyne,514,Perenjori,Verge,,,,3,R6-24A,RAILWAY CROSSING (POSITION) (1350 X 178 - EACH CROSSARM),R1-1B,STOP (750 X 750),G9-48B,LOOK FOR TRAINS (750X750),,,-29.879528,116.501317,Other,227450,22195832,,,,,{1F2C3EA1-B202-429B-BE79-684B1174FB77}
116.501443,-29.879555,5140061,Maya East Rd,Maya East Rd,0,Single,0,Local Road,14,Mid West-Gascoyne,514,Perenjori,Verge,,,,3,R6-24A,RAILWAY CROSSING (POSITION) (1350 X 178 - EACH CROSSARM),R1-1B,STOP (750 X 750),G9-48B,LOOK FOR TRAINS (750X750),,,-29.879555,116.501443,Other,227450,22195833,,,,,{6A7E4970-AF6C-437C-A5D9-E2A3AFE3CD44}
114.64707,-28.39447,H007,North West Coastal Hwy,North West Coastal Hwy,46.61,Single,46.63,State Road,14,Mid West-Gascoyne,513,Northampton,Left,,2019/07/08 16:00:00+00,,2,R6-29,KEEP LEFT UNLESS OVERTAKING (2400 X 1200),R9-7-1C,NEXT...KM (1200 X 240),,,,,-28.39447,114.64707,Other,247803,22195834,,NEXT 1.8KM,,,{5B70CCD5-F3E5-4603-B184-FE5CF4B08024}
114.629779,-28.352915,H007,North West Coastal Hwy,Hampton St,51.99,Single,51.96,State Road,14,Mid West-Gascoyne,513,Northampton,Median,,,,1,R2-3A(L),KEEP LEFT (450 X 600),,,,,,,-28.352915,114.629779,Other,247803,22195835,PANEL NO 1,,,,{B962CDEA-770A-4397-B9AF-04537F642CCB}
114.629828,-28.352197,M058,Northampton Kalbarri,Stephen St,0.02,Single,0.02,State Road,14,Mid West-Gascoyne,513,Northampton,Median,,,,1,R2-3A(L),KEEP LEFT (450 X 600),,,,,,,-28.352197,114.629828,Other,203544791,22195836,,,,,{61C51B1F-ACC4-4C75-86F2-E2CD048C9442}
114.629973,-28.352418,H007,North West Coastal Hwy,Hampton St,52.04,Single,52.01,State Road,14,Mid West-Gascoyne,513,Northampton,Median,,,,1,R2-3B(L),KEEP LEFT (600 X 800),,,,,,,-28.352418,114.629973,Other,247803,22195837,Panel No 1,,,,{C925E4FE-22F8-474A-873D-5174952AB9C8}
114.630077,-28.35224,H007,North West Coastal Hwy,Hampton St,52.07,Single,52.04,State Road,14,Mid West-Gascoyne,513,Northampton,Median,,,,1,R2-3A(L),KEEP LEFT (450 X 600),,,,,,,-28.35224,114.630077,Other,247803,22195838,PANEL NO 1,,,,{039EA7D2-33B2-4F66-82ED-7412DCDAFFB2}
114.630222,-28.352029,H007,North West Coastal Hwy,Hampton St,52.1,Single,52.07,State Road,14,Mid West-Gascoyne,513,Northampton,Median,,,,1,R2-3A(L),KEEP LEFT (450 X 600),,,,,,,-28.352029,114.630222,Other,247803,22195839,PANEL NO 1,,,,{873014E6-2446-4455-9811-96960F7EB059}
114.63029,-28.351926,H007,North West Coastal Hwy,Hampton St,52.11,Single,52.08,State Road,14,Mid West-Gascoyne,513,Northampton,Median,,2019/06/10 16:00:00+00,,1,R2-3B(L),KEEP LEFT (600 X 800),,,,,,,-28.351926,114.63029,Other,247803,22195840,Panel No 1,,,,{3190D5AC-5673-4A76-A053-468219CDE469}
114.63035,-28.352014,5130099,Stephen St,Stephen St,0.008,Single,0.008,Local Road,14,Mid West-Gascoyne,513,Northampton,Median,,,,1,R2-3A(L),KEEP LEFT (450 X 600),,,,,,,-28.352014,114.63035,Other,240337,22195841,,,,,{67008445-DF8A-4336-8365-8E39A6954FE3}
114.630363,-28.351823,H007,North West Coastal Hwy,Hampton St,52.13,Single,52.1,State Road,14,Mid West-Gascoyne,513,Northampton,Median,,2019/06/10 16:00:00+00,,1,R2-3B(L),KEEP LEFT (600 X 800),,,,,,,-28.351823,114.630363,Other,247803,22195842,Panel No 1,,,,{0EF9261E-F83D-4158-B4ED-89EA0014CD55}
114.630489,-28.352031,5130099,Stephen St,Stephen St,0.022,Single,0.022,Local Road,14,Mid West-Gascoyne,513,Northampton,Median,,,,1,R2-3A(L),KEEP LEFT (450 X 600),,,,,,,-28.352031,114.630489,Other,240337,22195843,,,,,{A756F7E5-F793-4AE1-ABC0-B5E6F8B49B1D}
116.014857,-29.209012,5110105,Grove St,Grove St,0.487,Left,0.487,Local Road,14,Mid West-Gascoyne,511,Morawa,Median,,,,1,R2-3A(L),KEEP LEFT (450 X 600),,,,,,,-29.209012,116.014857,Other,218029,22195844,,,,,{2719C569-5E42-47B6-A386-DB4158380D19}
116.009587,-29.20777,5110094,Solomon Tce,Solomon Tce,0.012,Single,0.012,Local Road,14,Mid West-Gascoyne,511,Morawa,Median,,,,1,R2-3A(L),KEEP LEFT (450 X 600),,,,,,,-29.20777,116.009587,Other,239556,22195845,,,,,{0BB918F4-3049-4DB0-938C-80099EB9C764}
116.010176,-29.207695,5110094,Solomon Tce,Solomon Tce,0.077,Single,0.077,Local Road,14,Mid West-Gascoyne,511,Morawa,Median,,,,1,R2-3A(L),KEEP LEFT (450 X 600),,,,,,,-29.207695,116.010176,Other,239556,22195846,,,,,{1CD91CD9-E102-4CCE-A309-1AE89A2A5FE1}
116.220065,-30.713984,H006,Great Northern Hwy,Great Northern Hwy,146.23,Single,142.14,State Road,8,Wheatbelt,510,Moora,Right,,2015/08/10 16:00:00+00,,2,R6-29C,KEEP LEFT UNLESS OVERTAKING (2400 X 1200),R9-7-1C,NEXT...KM (1200 X 240),,,,,-30.713984,116.220065,Other,247653,22195847,,,,,{6E7803C9-140D-49B3-AC31-BB384F11C075}
115.440073,-29.194027,5090045,Phillip St,Phillip St,0.447,Single,0.447,Local Road,14,Mid West-Gascoyne,509,Mingenew,Verge,,,,2,MR-RS-7A,CATEGORY 2 - SCHOOL ZONE (600 X 1200),R4-9B,END SCHOOL ZONE (600 X 600),,,,,-29.194027,115.440073,Other,233622,22195848,,,,,{BA9A9770-9078-4B2F-9448-D36636A9F5D7}
115.440067,-29.193953,5090045,Phillip St,Phillip St,0.448,Single,0.448,Local Road,14,Mid West-Gascoyne,509,Mingenew,Verge,,,,2,MR-RS-7A,CATEGORY 2 - SCHOOL ZONE (600 X 1200),R4-9B,END SCHOOL ZONE (600 X 600),,,,,-29.193953,115.440067,Other,233622,22195849,,,,,{211BD80E-AA1A-4289-B986-94ACF5D1FB28}
114.93247,-29.26413,5080223,Cuff Wy,Cuff Wy,0.03,Single,0.03,Local Road,14,Mid West-Gascoyne,508,Irwin,Verge,,,,1,R2-3A(L),KEEP LEFT (450 X 600),,,,,,,-29.26413,114.93247,Other,230523887,22195850,,,,,{9C354F7C-753C-416E-BBF2-EAA18BB23BA9}
114.93103,-29.26449,5080223,Cuff Wy,Cuff Wy,0.2,Single,0.2,Local Road,14,Mid West-Gascoyne,508,Irwin,Verge,,,,1,R2-3A(L),KEEP LEFT (450 X 600),,,,,,,-29.26449,114.93103,Other,230523887,22195851,,,,,{2F0BF6D8-83E6-4305-BE36-0D689854D26C}
114.933648,-29.264581,5080060,Blenheim Rd,Blenheim Rd,0.446,Single,0.446,Local Road,14,Mid West-Gascoyne,508,Irwin,Median,,,,1,R2-3A(L),KEEP LEFT (450 X 600),,,,,,,-29.264581,114.933648,Other,204352,22195852,,,,,{BB7DB696-55F0-499C-AA1C-2F023B93120E}
114.930495,-29.251409,5080003,Church St,Church St,0.042,Single,0.042,Local Road,14,Mid West-Gascoyne,508,Irwin,Verge,,,,2,MR-RS-7A,CATEGORY 2 - SCHOOL ZONE (600 X 1200),R4-9B,END SCHOOL ZONE (600 X 600),,,,,-29.251409,114.930495,Other,208493,22195853,,,,,{45FF0908-4F19-43BC-B79B-D6E82CBD7EBE}
114.934057,-29.264575,5080060,Blenheim Rd,Blenheim Rd,0.485,Single,0.485,Local Road,14,Mid West-Gascoyne,508,Irwin,Median,,,,1,R2-3A(L),KEEP LEFT (450 X 600),,,,,,,-29.264575,114.934057,Other,204352,22195854,,,,,{752A7A24-1264-448C-AA7C-5017D4F6FBDC}
114.930763,-29.251497,5080003,Church St,Church St,0.017,Single,0.017,Local Road,14,Mid West-Gascoyne,508,Irwin,Median,,,,1,R2-3A(L),KEEP LEFT (450 X 600),,,,,,,-29.251497,114.930763,Other,208493,22195855,,,,,{B0FBFCD0-CB22-4D1B-96E5-94E460E8BED2}
114.930925,-29.251701,5080041,Hunt - Waldeck St,Hunt - Waldeck St,0.541,Single,0.541,Local Road,14,Mid West-Gascoyne,508,Irwin,Median,,,,1,R2-3A(L),KEEP LEFT (450 X 600),,,,,,,-29.251701,114.930925,Other,220871,22195856,,,,,{21876B9C-6684-4911-BF64-78CB3B5AF998}
114.955001,-29.253127,H004,Brand Hwy,Brand Hwy,302.59,Single,300.63,State Road,14,Mid West-Gascoyne,508,Irwin,Right,,2024/07/30 16:00:00+00,,1,R2-6B(R),NO RIGHT TURN (600 X 600),,,,,,,-29.253127,114.955001,Other,247578,22195857,,,,,{A6A0D7AE-10C7-431C-B4D6-AFED78B22E31}
114.955302,-29.253216,H004,Brand Hwy,Brand Hwy,302.57,Single,300.61,State Road,14,Mid West-Gascoyne,508,Irwin,Left,,,,1,R2-4B,NO ENTRY (600 X 600),,,,,,,-29.253216,114.955302,Other,247578,22195858,,,,,{AFB21A2C-51FF-4B47-AD85-38D2D0C71290}
114.955548,-29.253154,H004,Brand Hwy,Brand Hwy,302.54,Single,300.58,State Road,14,Mid West-Gascoyne,508,Irwin,Left,,,,1,R2-4B,NO ENTRY (600 X 600),,,,,,,-29.253154,114.955548,Other,247578,22195859,,,,,{0402878A-19A1-44C7-AA90-9B4C3E21BFAC}
114.955629,-29.25311,H004,Brand Hwy,Brand Hwy,302.53,Single,300.57,State Road,14,Mid West-Gascoyne,508,Irwin,Left,,,,1,R2-6B(L),NO LEFT TURN (600 X 600),,,,,,,-29.25311,114.955629,Other,247578,22195860,,,,,{41FB1492-AE15-407B-9CE7-60F6E5D3574C}
114.956304,-29.252785,H004,Brand Hwy,Brand Hwy,302.46,Single,300.5,State Road,14,Mid West-Gascoyne,508,Irwin,Right,,2024/07/30 16:00:00+00,,1,R2-6B(R),NO RIGHT TURN (600 X 600),,,,,,,-29.252785,114.956304,Other,247578,22195861,,,,,{D83122B3-7ED0-4163-9C70-D212FFBDAA97}
114.956454,-29.252912,H004,Brand Hwy,Brand Hwy,302.45,Single,300.49,State Road,14,Mid West-Gascoyne,508,Irwin,Left,,2024/07/30 16:00:00+00,,1,R2-4B,NO ENTRY (600 X 600),,,,,,,-29.252912,114.956454,Other,247578,22195862,,,,,{FBD96719-73F1-4674-87D4-520E740E9D99}
114.956597,-29.252904,H004,Brand Hwy,Brand Hwy,302.43,Single,300.47,State Road,14,Mid West-Gascoyne,508,Irwin,Left,,,,1,R2-4B,NO ENTRY (600 X 600),,,,,,,-29.252904,114.956597,Other,247578,22195863,,,,,{C438A950-FD47-4341-8FF6-639C06230455}
114.956694,-29.252857,H004,Brand Hwy,Brand Hwy,302.42,Single,300.46,State Road,14,Mid West-Gascoyne,508,Irwin,Left,,,,1,R2-6B(L),NO LEFT TURN (600 X 600),,,,,,,-29.252857,114.956694,Other,247578,22195864,,,,,{27E3723E-7D89-4EA7-8452-D1E746A1154C}
115.46345,-31.21717,M045,Indian Ocean Dr,Indian Ocean Dr,47.36,Single,47.36,State Road,14,Mid West-Gascoyne,507,Gingin,Left,,,,2,R6-29C,KEEP LEFT UNLESS OVERTAKING (2400 X 1200),R9-7-1C,NEXT...KM (1200 X 240),,,,,-31.21717,115.46345,Other,247614,22195865,,1.1 KM,,,{EB501E25-B050-4132-8DC2-8F5E0EFADA10}
115.483002,-28.556599,H050,Geraldton Mt Magnet Rd,Geraldton Mt Magnet Rd,91.87,Single,92.72,State Road,14,Mid West-Gascoyne,505,Greater Geraldton (C),Right,,,,1,MR-RM-10,TRUCK CHECK BAY (3500 X 1730),,,,,,,-28.556599,115.483002,Other,247642,22195866,,,,,{E816B51C-A91A-4AEB-AD4A-0F06F2F8E790}
121.707228,-33.14767,6040055,Logan Rd,Logan Rd,0.03,Single,0.03,Local Road,5,Goldfields - Esperance,604,Esperance,Verge,,,0,2,R6-24A,RAILWAY CROSSING (POSITION) (1350 X 178 - EACH CROSSARM),R1-1B,STOP (750 X 750),,,,,-33.14767,121.707228,Other,225638,22195867,,,,,{46308C94-EB23-4980-A1C1-8E657278BA3A}
121.707402,-33.147664,6040055,Logan Rd,Logan Rd,0.05,Single,0.05,Local Road,5,Goldfields - Esperance,604,Esperance,Verge,,,0,2,R6-24A,RAILWAY CROSSING (POSITION) (1350 X 178 - EACH CROSSARM),R1-1B,STOP (750 X 750),,,,,-33.147664,121.707402,Other,225638,22195868,,,,,{AC2B29E6-F54C-4E60-B292-2E1ED3384A65}
121.650911,-33.00156,6040545,Osborne Rd,Osborne Rd,0.08,Single,0.08,Local Road,5,Goldfields - Esperance,604,Esperance,Verge,,,0,2,R6-25B,RAILWAY CROSSING (POSITION) (WITH TARGET BOARD) (1200 X 800),R6-9,STOP ON RED SIGNAL (450 X 600),,,,,-33.00156,121.650911,Other,232191,22195869,,,,,{19347EEA-B392-4C31-92B9-BC32888E4778}
121.651082,-33.001474,6040545,Osborne Rd,Osborne Rd,0.09,Single,0.09,Local Road,5,Goldfields - Esperance,604,Esperance,Verge,,,0,2,R6-25B,RAILWAY CROSSING (POSITION) (WITH TARGET BOARD) (1200 X 800),R6-9,STOP ON RED SIGNAL (450 X 600),,,,,-33.001474,121.651082,Other,232191,22195870,,,,,{2F878DD1-EAC2-4072-92A6-039446CEAF08}
121.79342,-32.17206,H003,Eyre Hwy,Eyre Hwy,2.13,Single,2.13,State Road,5,Goldfields - Esperance,603,Dundas,Right,,,,3,MR-SM-4,INFORMATION (600 X 600),MR-SMAX-5(L),HORIZONTAL ARROW LEFT (600 X 200),MR-RA-4,BUSES AND COMMERCIAL VEHICLES EXCEPTED (450 X 400),,,-32.17206,121.79342,Other,247631,22195871,I (600X600),(SYMBOLIC WHITE ARROW) (600X200),BUSES AND COMERCIAL VEHICLES EXCEPTED (450X400),,{ED14D359-9541-45DA-AC9A-0D89DA66AF52}
121.79305,-32.1725,H003,Eyre Hwy,Eyre Hwy,2.07,Single,2.07,State Road,5,Goldfields - Esperance,603,Dundas,Left,,,,3,MR-SM-4,INFORMATION (600 X 600),MR-SMAX-5(R),HORIZONTAL ARROW RIGHT (600 X 200),MR-RA-4,BUSES AND COMMERCIAL VEHICLES EXCEPTED (450 X 400),,,-32.1725,121.79305,Other,247631,22195872,I (600X600),(SYMBOLIC WHITE ARROW) (600X200),BUSES AND COMERCIAL VEHICLES EXCEPTED (450X400),,{913EA405-718E-4FC9-958F-E3FAFFA02B99}
121.79278,-32.17331,H003,Eyre Hwy,Eyre Hwy,1.98,Single,1.98,State Road,5,Goldfields - Esperance,603,Dundas,Right,,,,1,R2-6B(L),NO LEFT TURN (600 X 600),,,,,,,-32.17331,121.79278,Other,247631,22195873,NO LEFT TURN (600X600),,,,{FF8E3F18-9644-4394-A046-A7C2ECC247B3}
121.79269,-32.1736,H003,Eyre Hwy,Eyre Hwy,1.95,Single,1.95,State Road,5,Goldfields - Esperance,603,Dundas,Right,,,,1,R2-4B,NO ENTRY (600 X 600),,,,,,,-32.1736,121.79269,Other,247631,22195874,NOT ENTRY (600X600),,,,{1B98009C-4CB5-47B5-8E96-481E2E298952}
121.79264,-32.17375,H003,Eyre Hwy,Eyre Hwy,1.93,Single,1.93,State Road,5,Goldfields - Esperance,603,Dundas,Right,,,,1,R2-4B,NO ENTRY (600 X 600),,,,,,,-32.17375,121.79264,Other,247631,22195875,NOT ENTRY (600X600),,,,{7B7085DB-D9CD-4585-A53D-72CB1F9BBA5B}
121.79223,-32.17417,H003,Eyre Hwy,Eyre Hwy,1.87,Single,1.87,State Road,5,Goldfields - Esperance,603,Dundas,Left,,,,1,R2-6B(R),NO RIGHT TURN (600 X 600),,,,,,,-32.17417,121.79223,Other,247631,22195876,NO RIGHT TURN (600X600),,,,{DB2BAB59-9FA5-4AF2-B631-91DD187290AE}
121.782113,-32.19781,6030077,Ramsay St,Ramsay St,0.02,Single,0.02,Local Road,5,Goldfields - Esperance,603,Dundas,Verge,,,0,2,R6-25B,RAILWAY CROSSING (POSITION) (WITH TARGET BOARD) (1200 X 800),R6-9,STOP ON RED SIGNAL (450 X 600),,,,,-32.19781,121.782113,Other,235251,22195877,,,,,{F118C97F-5502-45F6-92DD-BFF205079F89}
121.789369,-32.197741,6030068,Mines Rd,Mines Rd,1.65,Single,1.65,Local Road,5,Goldfields - Esperance,603,Dundas,Verge,,,0,1,R4-11B,END SPEED LIMIT AREA (600 X 1000),,,,,,,-32.197741,121.789369,Other,228854,22195878,50,,,,{0A40ED73-34B3-4C28-93F5-AED03DC688FE}
121.6508,-31.19706,H049,Goldfields Hwy,Goldfields Hwy,19.79,Single,19.75,State Road,5,Goldfields - Esperance,602,Coolgardie,Left,,2016/01/29 16:00:00+00,,2,R6-29,KEEP LEFT UNLESS OVERTAKING (2400 X 1200),R9-6-1C,NEXT...M (1200 X 240),,,,,-31.19706,121.6508,Other,247645,22195879,KEEP LEFT UNLESS OVERTAKING,NEXT 900M,,,{0598EED0-559F-4895-BC10-D52D36388994}
121.644154,-31.181593,H049,Goldfields Hwy,Goldfields Hwy,21.71,Single,21.67,State Road,5,Goldfields - Esperance,602,Coolgardie,Right,,,,1,R6-9,STOP ON RED SIGNAL (450 X 600),,,,,,,-31.181593,121.644154,Other,247645,22195880,STOP ON RED SIGNAL,,,,{D1D943B0-7C27-4321-82A1-183658DC0FC3}
121.644975,-31.182037,H049,Goldfields Hwy,Goldfields Hwy,21.72,Single,21.68,State Road,5,Goldfields - Esperance,602,Coolgardie,Left,,,,2,R6-9,STOP ON RED SIGNAL (450 X 600),D4-3B(R),WIDTH MARKER RIGHT (450 X 900),,,,,-31.182037,121.644975,Other,247645,22195881,STOP ON RED SIGNAL,WIDTH MARKER,,,{E2061EEB-BCE2-448E-B018-574DC3A0D86A}
121.165292,-30.950809,6020026,Shaw St,Shaw St,0.06,Single,0.06,Local Road,5,Goldfields - Esperance,602,Coolgardie,Verge,,,0,2,MR-RS-15B,ENHANCED SCHOOL ZONE SIGN (ALL REGIONS EXCEPT NORTHERN REGIONS) (600 X 1500),R4-9B,END SCHOOL ZONE (600 X 600),,,,,-30.950809,121.165292,Other,238672,22195882,,,,,{1FD8C2D6-436D-4C4A-9087-677C60B8B23E}
121.165292,-30.950809,6020026,Shaw St,Shaw St,0.06,Single,0.06,Local Road,5,Goldfields - Esperance,602,Coolgardie,Verge,,,0,2,MR-RS-15B,ENHANCED SCHOOL ZONE SIGN (ALL REGIONS EXCEPT NORTHERN REGIONS) (600 X 1500),R4-9B,END SCHOOL ZONE (600 X 600),,,,,-30.950809,121.165292,Other,238672,22195883,,,,,{B4B38CA3-D32D-438C-9D6E-9359D3E02C44}
